<?xml version="1.0" encoding="UTF-8"?>
<project-private xmlns="http://www.netbeans.org/ns/project-private/1">
    <editor-bookmarks xmlns="http://www.netbeans.org/ns/editor-bookmarks/2" lastBookmarkId="0"/>
    <open-files xmlns="http://www.netbeans.org/ns/projectui-open-files/2">
        <group>
            <file>file:/C:/Users/Zalán/Documents/NetBeansProjects/Liverpool%20project/web/kviz.css</file>
            <file>file:/C:/Users/Zalán/Documents/NetBeansProjects/Liverpool%20project/web/szurkolok.html</file>
            <file>file:/C:/Users/Zalán/Documents/NetBeansProjects/Liverpool%20project/web/tortenet.html</file>
            <file>file:/C:/Users/Zalán/Documents/NetBeansProjects/Liverpool%20project/web/stadion.css</file>
            <file>file:/C:/Users/Zalán/Documents/NetBeansProjects/Liverpool%20project/web/pl.css</file>
            <file>file:/C:/Users/Zalán/Documents/NetBeansProjects/Liverpool%20project/web/statisztikak2.html</file>
            <file>file:/C:/Users/Zalán/Documents/NetBeansProjects/Liverpool%20project/web/jatekosok.html</file>
            <file>file:/C:/Users/Zalán/Documents/NetBeansProjects/Liverpool%20project/web/bl.html</file>
            <file>file:/C:/Users/Zalán/Documents/NetBeansProjects/Liverpool%20project/web/tortenet.css</file>
            <file>file:/C:/Users/Zalán/Documents/NetBeansProjects/Liverpool%20project/web/jatekosok.css</file>
            <file>file:/C:/Users/Zalán/Documents/NetBeansProjects/Liverpool%20project/web/szurkolok.css</file>
            <file>file:/C:/Users/Zalán/Documents/NetBeansProjects/Liverpool%20project/web/bl.css</file>
            <file>file:/C:/Users/Zalán/Documents/NetBeansProjects/Liverpool%20project/web/statisztikak.css</file>
            <file>file:/C:/Users/Zalán/Documents/NetBeansProjects/Liverpool%20project/web/pl.html</file>
            <file>file:/C:/Users/Zalán/Documents/NetBeansProjects/Liverpool%20project/web/style.css</file>
            <file>file:/C:/Users/Zalán/Documents/NetBeansProjects/Liverpool%20project/web/sikerek.html</file>
            <file>file:/C:/Users/Zalán/Documents/NetBeansProjects/Liverpool%20project/web/js.js</file>
            <file>file:/C:/Users/Zalán/Documents/NetBeansProjects/Liverpool%20project/web/kviz.html</file>
            <file>file:/C:/Users/Zalán/Documents/NetBeansProjects/Liverpool%20project/web/klubhimnusz.html</file>
            <file>file:/C:/Users/Zalán/Documents/NetBeansProjects/Liverpool%20project/web/index.html</file>
            <file>file:/C:/Users/Zalán/Documents/NetBeansProjects/Liverpool%20project/web/sikerek.css</file>
            <file>file:/C:/Users/Zalán/Documents/NetBeansProjects/Liverpool%20project/web/klubhimnusz.css</file>
            <file>file:/C:/Users/Zalán/Documents/NetBeansProjects/Liverpool%20project/web/stadion.html</file>
            <file>file:/C:/Users/Zalán/Documents/NetBeansProjects/Liverpool%20project/web/statisztikak.html</file>
        </group>
    </open-files>
</project-private>
